to,txhash,status
0x12343a3a7ec761d7057a4c300d027f19597682bb208ab94cb970a728f06adcb0,0x7db7cb89fde8b3c72736fafc4944207bc20fd080b15f5b69e3df7b97e6f1e607,ok
0xf36e474f3f17a5d213b53e81d0d3c33ff87b56c03cb8c4802fc276ecbf87749f,0xe2e493bc741c2e2ee6f37142fe41c3feef4630cf61da46d23546eb8c59eaee7a,ok
0xab3a093dc34f30b7c93bd258cefc9a5bae0b99d46ddecab10114f59ed0637b71,0x0fb8b7ae1cf4384dce005828413be80fb1ed0ee1f653b00ccfdc8868627f07a2,ok
0xf3a6d742546e4787767beed046ed488a5b9abcb5a9095ac7cba870ffc8924a88,0x31de112ce02049ce57830d30f67f0a259b44a83d8fbf876fcba006b2c8ceba30,ok
0x4b1778ad0f35971be42b3d8323fa5c93caa10c3bf139de9ee49b73e25fb2d88d,0x91f555943f9c5efd2de300fdef56081521f5b3d11c47d21ec110c491af0f4e6d,ok
0x36ef44af9761ae41a5b926c1e7182d2e3ffe69869a4f9b0510b01be95a2ee4bf,0x04bb765001a64e4eccf2bf5320a27d85f5c0a86472df013d7c3578bb0e7024b6,ok
0x033caed38e78cfc063350d89809f47abf6666e98f2b29494549a005d6969adba,0x134c37aadb1ff6b14af45dc8109e8711232801a36b0e50b3ed640c6b0d3029b5,ok
0x9694e6d586ca8384ec2109d6b516c4a41604690d1f211e70f8ac95060600670e,0x5bef068dece04ac221738e4fb19b633932bd9d68b41fb013c9a777e2cdd33c28,ok
0xf9c8e13134169b77807840b48266fb81144f529d8b867a57fba9620a00dc9dc5,0x2fb588b8e215cff61865bbb898a75e1e0da6b0b4a617a48fecba0e0c5dcacee2,ok
0x4a41bfc9430cee81b59152191930f48e661d3a5928cdab4c1ff3ccda0e5665cd,0x319d18e77d3be1856ea51487b22eb908f35afccca25e70e506c2decc67dbb963,ok
0x5852ebe2277beaf6aa5fc91ca7447c2f1ffdc4896e419d36600b9929c938a05f,0xde9fefbdde457c15b9a93388946dd3c2995c3b019fa28efeb7135e6487481c04,ok
